Timestep,Living Population,Active Infections,Economic Productivity,Population Change
1,80005,14,30577.31948653473,5
2,80008,16,32144.901141627917,3
3,80013,18,33635.5339500495,5
4,80016,19,35040.98671157182,3
5,80022,21,36364.07496452802,6
6,80026,21,37606.765782520706,4
7,80032,23,38774.18390402964,6
8,80037,25,39877.99981039596,5
9,80045,26,40915.23860538568,8
10,80052,28,41896.10606512598,7
11,80054,29,42817.22289211614,2
12,80059,30,43685.626110541685,5
13,80063,30,44502.743313207764,4
14,80069,29,45272.807480478325,6
15,80079,27,45994.42361779432,10
16,80088,24,46680.4214748417,9
17,80095,30,47315.273631290554,7
18,80101,28,47925.287726164395,6
19,80107,30,48496.16190257462,6
20,80114,32,49026.24635512969,7
21,80121,30,49529.06704234006,7
22,80128,32,50008.54646403317,7
23,80135,33,50459.25306484402,7
24,80143,33,50879.15753937077,8
25,80151,33,51268.87800758905,8
26,80160,33,51637.48558696855,9
27,80165,42,51981.55336888517,5
28,80171,42,52302.83135765714,6
29,80178,45,52608.162876151655,7
30,80186,42,52892.630517235164,8
31,80191,43,53161.74264504126,5
32,80195,43,53414.84721391924,4
33,80199,41,53656.98302693499,4
34,80208,39,53887.651997163855,9
35,80211,40,54100.12944788206,3
36,80216,42,54302.83525725529,5
37,80224,42,54490.79309333873,8
38,80230,45,54666.52057564431,6
39,80236,42,54836.245056829524,6
40,80241,42,54991.084177015444,5
41,80246,41,55139.33820703452,5
42,80253,37,55278.953853140854,7
43,80257,36,55408.20115260235,4
44,80267,36,55529.5938150341,10
45,80276,33,55649.074865355644,9
46,80285,32,55759.24539452723,9
47,80291,32,55864.97276628533,6
48,80297,33,55964.15992749389,6
49,80306,35,56059.1344230704,9
50,80316,36,56145.04531461648,10
51,80320,35,56227.49034728892,4
52,80330,35,56305.53414085981,10
53,80342,35,56379.96039037576,12
54,80352,36,56449.44383134843,10
55,80361,36,56515.55494486189,9
56,80373,37,56577.163059469385,12
57,80379,33,56633.99362393225,6
58,80386,38,56686.040740142154,7
59,80393,43,56732.52277092115,7
60,80404,45,56779.25609842701,11
61,80415,43,56824.75729918945,11
62,80421,43,56867.09455907515,6
63,80430,41,56908.41319762497,9
64,80443,40,56945.89010014171,13
65,80450,39,56981.31113538488,7
66,80454,39,57015.289577544994,4
67,80460,36,57045.490627976396,6
68,80471,38,57071.29681784624,11
69,80474,43,57094.988801030595,3
70,80483,43,57118.70799972733,9
71,80492,45,57140.013228367345,9
72,80500,42,57159.42690419534,8
73,80509,40,57179.34990296589,9
74,80516,48,57193.03482295332,7
75,80519,46,57210.95561150605,3
76,80523,45,57228.13507942426,4
77,80534,48,57243.170596467295,11
78,80544,51,57252.967482615066,10
79,80548,51,57265.70950699852,4
80,80556,56,57275.5370495942,8
81,80567,56,57286.576104498134,11
82,80575,58,57296.48331705404,8
83,80584,60,57305.91028866218,9
84,80595,60,57314.73852332371,11
85,80607,61,57321.88648174142,12
86,80623,61,57330.589112648,16
87,80629,61,57337.749834554525,6
88,80636,62,57342.512207909655,7
89,80648,68,57344.291674518616,12
90,80654,69,57346.12994204538,6
91,80664,72,57349.070538313434,10
92,80670,71,57355.04842405485,6
93,80677,76,57355.13223747295,7
94,80687,75,57357.13927253583,10
95,80697,79,57357.95479167884,10
96,80710,76,57360.75983601857,13
97,80729,74,57363.23176809485,19
98,80737,72,57366.53591925636,8
99,80746,79,57365.327748728756,9
100,80753,82,57366.396365408276,7
101,80762,85,57367.12358396497,9
102,80767,87,57368.541054681074,5
103,80779,84,57370.64553604188,12
104,80789,83,57371.733945123146,10
105,80798,84,57371.57104433962,9
106,80802,79,57373.51266569443,4
107,80814,82,57370.00983695893,12
108,80821,80,57367.81941745742,7
109,80833,77,57364.98567511044,12
110,80837,78,57365.50977747023,4
111,80847,80,57362.63398609983,10
112,80862,81,57358.34035095863,15
113,80870,75,57356.45289657213,8
114,80875,76,57354.446108443466,5
115,80883,82,57350.14082762604,8
116,80885,79,57351.57441999654,2
117,80896,79,57349.1494114417,11
118,80906,82,57347.193645956024,10
119,80914,88,57343.81700260793,8
120,80922,85,57340.92304915069,8
121,80932,86,57335.70885838419,10
122,80937,87,57331.50955072717,5
123,80945,90,57327.19966117828,8
124,80952,90,57323.68746797263,7
125,80960,91,57320.31294003776,8
126,80965,97,57313.296721292434,5
127,80973,95,57310.628202776556,8
128,80986,96,57305.50114296558,13
129,80993,101,57297.16663485918,7
130,81005,106,57287.9245807877,12
131,81014,109,57282.36244043514,9
132,81020,121,57273.12063377693,6
133,81032,125,57267.44242056426,12
134,81038,128,57259.054474334596,6
135,81053,133,57251.56560802889,15
136,81064,142,57244.4759307021,11
137,81072,146,57237.84632202776,8
138,81082,148,57232.42183358472,10
139,81095,151,57221.35890004426,13
140,81101,150,57215.6692953611,6
141,81104,147,57211.03009630038,3
142,81117,151,57199.75090645639,13
143,81131,154,57194.064918192365,14
144,81146,155,57188.63028334626,15
145,81155,154,57183.81242744278,9
146,81168,157,57176.180517383276,13
147,81180,162,57166.40681774662,12
148,81191,167,57156.56572151318,11
149,81201,164,57145.89105922939,10
150,81210,174,57132.095722450984,9
151,81223,170,57127.45219179696,13
152,81238,167,57123.498865947855,15
153,81253,175,57114.958922326885,15
154,81264,187,57103.2874858113,11
155,81277,188,57098.04534788271,13
156,81282,191,57088.46578986707,5
157,81291,199,57075.9613787825,9
158,81305,197,57064.95192501921,14
159,81321,206,57052.88308748511,16
160,81327,204,57043.06960810816,6
161,81341,213,57030.17766856852,14
162,81351,216,57016.618822002274,10
163,81357,215,57002.55062163764,6
164,81365,225,56987.59349127011,8
165,81371,243,56972.61754212172,6
166,81384,249,56958.70390483951,13
167,81397,257,56943.742793775666,13
168,81409,257,56930.92271202329,12
169,81414,269,56909.421829188606,5
170,81426,280,56889.56011554607,12
171,81437,292,56868.92497992774,11
172,81452,304,56852.26114930417,15
173,81458,321,56830.15348542689,6
174,81467,332,56808.7505080909,9
175,81475,343,56788.959205217274,8
176,81485,347,56769.071473054966,10
177,81495,353,56749.29943306132,10
178,81506,373,56728.14633112007,11
179,81514,385,56709.294419770544,8
180,81531,387,56692.17655391701,17
181,81543,391,56675.85089430365,12
182,81551,401,56650.08001417032,8
183,81561,410,56633.715871652654,10
184,81570,428,56604.76537553882,9
185,81585,436,56575.7925984799,15
186,81596,453,56546.709880074515,11
187,81602,449,56523.135185693325,6
188,81611,449,56504.99501567331,9
189,81616,468,56474.18020638829,5
190,81623,488,56450.71393795016,7
191,81630,494,56428.557923803084,7
192,81632,500,56401.049170477316,2
193,81638,518,56366.202236535886,6
194,81654,529,56340.8949031395,16
195,81664,541,56317.983373858595,10
196,81672,560,56289.29508558854,8
197,81676,583,56255.72177979337,4
198,81684,582,56228.60313614791,8
199,81695,593,56201.78558218437,11
200,81709,586,56183.797115955815,14
201,81720,582,56160.98846023537,11
202,81727,581,56133.60035142963,7
203,81740,593,56105.099585775126,13
204,81744,590,56075.405765190204,4
205,81755,597,56046.220188415486,11
206,81762,608,56015.60863016765,7
207,81780,619,55978.737701709935,18
208,81792,618,55952.31843074167,12
209,81798,626,55928.299305329805,6
210,81802,626,55889.21541986091,4
211,81809,639,55854.35196502385,7
212,81828,648,55815.39244501997,19
213,81839,658,55782.7532400785,11
214,81845,679,55746.09829439095,6
215,81861,702,55701.327939846145,16
216,81866,709,55667.07325382776,5
217,81868,703,55635.742349681685,2
218,81879,710,55604.78411665771,11
219,81890,724,55562.47952206385,11
220,81903,744,55527.95124605183,13
221,81920,741,55496.95303385771,17
222,81929,759,55455.57996078172,9
223,81942,770,55417.137672002405,13
224,81950,776,55385.443835140206,8
225,81959,776,55353.28112600438,9
226,81967,794,55318.12682396707,8
227,81973,799,55269.03845153453,6
228,81988,810,55226.13719318903,15
229,81996,810,55187.767916464996,8
230,82001,825,55150.76782204792,5
231,82008,849,55111.83872845463,7
232,82017,861,55071.231278620624,9
233,82024,853,55030.88640931388,7
234,82035,862,54985.740824986024,11
235,82041,885,54938.672172299644,6
236,82049,891,54896.24230485526,8
237,82061,921,54851.73553189714,12
238,82073,920,54811.882010996975,12
239,82093,929,54769.61762397277,20
240,82106,944,54722.26823294485,13
241,82114,964,54675.03383095961,8
242,82123,972,54637.30966106387,9
243,82132,970,54595.416834055235,9
244,82139,995,54549.70531078725,7
245,82151,1010,54496.33762321091,12
246,82162,1016,54448.82863014388,11
247,82170,1040,54402.363562722494,8
248,82179,1060,54348.45321859246,9
249,82193,1086,54287.78183711418,14
250,82205,1116,54236.38685637858,12
251,82219,1129,54186.98948236007,14
252,82230,1144,54138.46211114477,11
253,82239,1167,54076.28372234867,9
254,82248,1189,54022.028673943394,9
255,82259,1196,53961.65935092137,11
256,82263,1230,53903.0344449304,4
257,82270,1243,53847.931559791155,7
258,82278,1276,53792.99244505254,8
259,82288,1303,53730.21618057053,10
260,82296,1337,53678.09489923043,8
261,82311,1353,53621.25199999089,15
262,82315,1382,53541.32909365129,4
263,82324,1405,53476.74946313147,9
264,82325,1426,53421.24061671072,1
265,82333,1460,53351.11465989362,8
266,82331,1464,53284.91522403019,-2
267,82333,1475,53216.70935085887,2
268,82341,1519,53138.23978064054,8
269,82351,1533,53060.33931232391,10
270,82377,1556,52985.90476928818,26
271,82380,1584,52905.2118682027,3
272,82377,1611,52833.00193732888,-3
273,82386,1659,52756.303060933074,9
274,82394,1681,52684.94834439198,8
275,82411,1703,52611.59628206263,17
276,82421,1705,52528.87774193374,10
277,82429,1717,52452.55666581972,8
278,82434,1726,52391.32364772436,5
279,82439,1771,52303.095511267806,5
280,82445,1796,52222.53802768049,6
281,82461,1830,52139.06705475593,16
282,82471,1860,52043.64758486547,10
283,82478,1876,51961.5110723331,7
284,82486,1898,51878.53006343724,8
285,82493,1918,51798.03384044872,7
286,82500,1944,51708.097385188565,7
287,82502,1951,51626.9924166657,2
288,82507,1954,51542.557844339186,5
289,82508,1975,51460.85035812672,1
290,82522,1996,51376.00293528704,14
291,82520,2004,51285.6612001907,-2
292,82527,2049,51201.0873822065,7
293,82529,2057,51116.09509851488,2
294,82533,2062,51023.28959162102,4
295,82538,2072,50947.25182145851,5
296,82535,2096,50849.58946549159,-3
297,82544,2126,50759.15709801778,9
298,82550,2132,50667.42181918057,6
299,82548,2121,50582.1396423236,-2
300,82559,2155,50500.77138099451,11
301,82560,2144,50419.665340678635,1
302,82558,2184,50316.896402135826,-2
303,82560,2170,50241.76256126616,2
304,82574,2182,50160.96218645536,14
305,82575,2180,50078.80029967618,1
306,82575,2190,49981.26298665423,0
307,82576,2217,49898.51983083924,1
308,82579,2192,49811.33132559062,3
309,82586,2206,49727.89682805439,7
310,82599,2202,49645.65525377118,13
311,82607,2201,49563.713200117876,8
312,82623,2201,49489.38446582569,16
313,82635,2224,49388.527941765446,12
314,82634,2265,49297.276164056864,-1
315,82637,2233,49207.85161825633,3
316,82650,2243,49124.02119400197,13
317,82659,2257,49018.269635373465,9
318,82664,2273,48926.84005463497,5
319,82672,2273,48846.95040727793,8
320,82684,2290,48756.21626083178,12
321,82699,2289,48660.00600445783,15
322,82706,2272,48586.10348028258,7
323,82709,2313,48489.276158439905,3
324,82716,2295,48408.13266410039,7
325,82715,2314,48310.870065799456,-1
326,82728,2326,48234.2718674423,13
327,82728,2325,48153.24329563007,0
328,82730,2333,48072.42836664064,2
329,82719,2334,47974.34538599829,-11
330,82713,2332,47882.38680826252,-6
331,82721,2348,47794.90254032115,8
332,82719,2370,47705.239810838175,-2
333,82732,2379,47610.76001557157,13
334,82736,2366,47527.88041635698,4
335,82742,2378,47443.589401737074,6
336,82749,2408,47339.474830030405,7
337,82752,2453,47246.19389169345,3
338,82756,2454,47151.73725680137,4
339,82756,2461,47052.80909733024,0
340,82757,2482,46955.29445652837,1
341,82763,2506,46865.563287459074,6
342,82763,2509,46769.58030877382,0
343,82769,2526,46677.34503014575,6
344,82778,2539,46598.60879094766,9
345,82792,2547,46519.025383482185,14
346,82805,2521,46440.27975647999,13
347,82799,2521,46360.39974476966,-6
348,82797,2514,46284.131356838996,-2
349,82794,2536,46207.2161429589,-3
350,82801,2524,46127.90074600946,7
351,82804,2508,46048.22741043629,3
352,82815,2492,45958.60802789698,11
353,82825,2502,45874.74592560745,10
354,82835,2490,45790.84853049914,10
355,82842,2481,45696.59359195672,7
356,82842,2541,45578.92443221735,0
357,82851,2547,45490.83822391263,9
358,82859,2558,45404.58965954667,8
359,82882,2558,45309.84768288343,23
360,82891,2590,45213.343946527384,9
361,82892,2590,45133.90742362015,1
362,82897,2596,45046.266144011446,5
363,82913,2604,44956.00591379085,16
364,82919,2632,44866.33578508194,6
365,82925,2625,44786.70207157339,6
366,82930,2623,44711.726735398544,5
367,82933,2635,44617.01954718069,3
368,82935,2678,44504.38050655694,2
369,82939,2692,44405.38335856217,4
370,82938,2703,44300.96239582258,-1
371,82940,2683,44221.75616259419,2
372,82944,2659,44145.14535968022,4
373,82951,2668,44048.98518459652,7
374,82958,2705,43954.78394776138,7
375,82955,2707,43870.36459460527,-3
376,82969,2714,43791.58718960252,14
377,82967,2715,43702.49074061208,-2
378,82964,2720,43615.52342482753,-3
379,82979,2721,43530.24044838838,15
380,82993,2750,43444.207951249104,14
381,83008,2758,43352.91872326295,15
382,83016,2743,43253.9073835737,8
383,83027,2730,43170.27252885603,11
384,83039,2719,43083.045050281704,12
385,83041,2749,42995.87920644062,2
386,83040,2762,42895.52879703859,-1
387,83045,2772,42803.55821534712,5
388,83052,2779,42701.786090439964,7
389,83059,2792,42606.88781641768,7
390,83064,2786,42526.41620689869,5
391,83068,2753,42453.79419269566,4
392,83069,2779,42370.53820929793,1
393,83078,2783,42276.050141607564,9
394,83080,2782,42196.899007972184,2
395,83085,2805,42099.10822610945,5
396,83095,2852,42002.2934278898,10
397,83101,2856,41905.20079418099,6
398,83105,2849,41815.70749623389,4
399,83108,2862,41717.338242061356,3
400,83108,2871,41626.36700650665,0
401,83122,2878,41530.69990090486,14
402,83121,2869,41455.654865168646,-1
403,83130,2871,41368.90888345171,9
404,83132,2872,41282.94148890901,2
405,83147,2900,41190.275954053854,15
406,83163,2908,41098.18432286419,16
407,83161,2929,41018.52109661886,-2
408,83170,2921,40921.07927339091,9
409,83177,2921,40838.51481571007,7
410,83175,2923,40738.86601079995,-2
411,83183,2911,40650.228062898765,8
412,83188,2908,40549.204218433304,5
413,83186,2929,40458.01012610236,-2
414,83188,2943,40366.656512077585,2
415,83199,2936,40289.95676965988,11
416,83204,2947,40203.85053517047,5
417,83204,2958,40112.74116380252,0
418,83213,2963,40021.9733043272,9
419,83215,2968,39943.17413405814,2
420,83207,2937,39866.338256397794,-8
421,83224,2970,39780.51308447761,17
422,83233,2964,39687.75496084282,9
423,83242,2947,39604.173165722066,9
424,83239,2981,39496.39405752326,-3
425,83244,2998,39405.64404862838,5
426,83255,3008,39323.178460030045,11
427,83264,2996,39240.6776217622,9
428,83275,3037,39139.585284475266,11
429,83276,3081,39041.08135251542,1
430,83286,3079,38954.91423951346,10
431,83282,3117,38844.72906089601,-4
432,83297,3119,38752.79303744381,15
433,83301,3161,38650.73363591641,4
434,83323,3178,38560.04314553837,22
435,83331,3182,38458.91345264142,8
436,83340,3217,38355.924908055225,9
437,83346,3216,38252.75641925139,6
438,83342,3211,38161.033328431906,-4
439,83342,3213,38069.19115010761,0
440,83340,3257,37979.34706359311,-2
441,83336,3292,37864.59549755428,-4
442,83330,3285,37763.32255145135,-6
443,83333,3290,37666.882402167634,3
444,83327,3284,37582.44348319895,-6
445,83320,3300,37492.784426606064,-7
446,83329,3340,37389.61805192321,9
447,83332,3401,37274.43029633619,3
448,83332,3446,37152.36386933693,0
449,83334,3479,37050.50517686357,2
450,83334,3467,36966.38479806024,0
451,83336,3457,36873.28329504959,2
452,83340,3478,36769.72518501926,4
453,83340,3521,36666.20978305622,0
454,83351,3527,36569.84067972915,11
455,83354,3531,36476.0117149649,3
456,83348,3535,36378.198886102975,-6
457,83358,3554,36285.57218911137,10
458,83356,3610,36174.52741189278,-2
459,83347,3605,36080.4134694005,-9
460,83351,3588,35989.431345898054,4
461,83360,3586,35909.524686672055,9
462,83364,3567,35810.08453153799,4
463,83367,3562,35702.38023986011,3
464,83364,3549,35593.56207248866,-3
465,83366,3554,35530.99040689964,2
466,83365,3547,35436.4695080776,-1
467,83368,3557,35343.22027027675,3
468,83374,3585,35254.21862767737,6
469,83379,3593,35170.31905605373,5
470,83394,3603,35085.42310697233,15
471,83402,3612,34998.14005835314,8
472,83409,3562,34917.48080448327,7
473,83410,3570,34835.15632781756,1
474,83412,3569,34736.54250430107,2
475,83425,3597,34642.279509034786,13
476,83419,3576,34542.7711648247,-6
477,83425,3569,34456.585758766385,6
478,83428,3565,34359.77700698275,3
479,83431,3551,34288.85555765468,3
480,83425,3570,34214.97594311815,-6
481,83430,3549,34127.032914439085,5
482,83435,3556,34037.98943906081,5
483,83441,3570,33955.70887602131,6
484,83443,3535,33873.30775657517,2
485,83438,3516,33784.85231015841,-5
486,83439,3513,33698.11555823758,1
487,83446,3532,33603.2696976977,7
488,83442,3531,33520.402817866605,-4
489,83437,3528,33433.58674153338,-5
490,83452,3515,33359.052277094655,15
491,83449,3523,33260.947720134034,-3
492,83454,3524,33173.59062739553,5
493,83460,3513,33089.93228999065,6
494,83458,3512,33006.587438908275,-2
495,83465,3513,32923.70274009615,7
496,83473,3513,32842.6911548341,8
497,83478,3516,32768.841940678925,5
498,83489,3540,32674.776210885266,11
499,83499,3546,32587.965056894518,10
500,83504,3530,32510.526000080525,5
